,LSTM,GRU
Train RMSE,4.081627521900922,3.383824291844027
Test RMSE,9.202418664532914,6.6879337918778035
Train Time,42.97125577926636,30.531599521636963
