,LSTM,GRU
Train RMSE,1363.5539501611222,1042.5453827052327
Test RMSE,1962.8562733934443,1334.073086453662
Train Time,40.04755997657776,29.643689393997192
