,LSTM,GRU
Train RMSE,9.810772591906188,7.625099556695094
Test RMSE,12.810531241652681,10.444677386380414
Train Time,40.62818765640259,29.450101852416992
