,LSTM,GRU
Train RMSE,2.504658840346257,1.8918601801140258
Test RMSE,5.475784921338743,4.623080087082329
Train Time,43.460408210754395,33.702587842941284
