,LSTM,GRU
Train RMSE,1.8511474401693024,1.5466054045668218
Test RMSE,4.235579541038264,3.572591308964499
Train Time,45.372002601623535,38.03729581832886
